1|Yeasayer|Banana Parakeet Capsule Toy|It's Really Rare, and kinda cool!|3.50|/img/uploads/ads/9c6a3c65fab0a7f9985eb69261fae804.jpg
2|Yeasayer|Colonel Sander Statue|It's a rare statue of KFC's Colonel Sanders, please treasure it.|42000.99|/img/uploads/ads/colonel.jpg
3|isurus|Retro Big Red|It's a version of Big Red made with real sugar.|2.00|/img/uploads/ads/bigred.jpg
4|bigguy|United Airlines Toy Plane|It's a big plane for you where you can bring friends along on a fun playtime for all.|35.99|/img/uploads/ads/RT1224.jpg
5|Yeasayer|Kinder Surprise|The classic treat from Ferrero with a neat little surprise inside.|2.95|/img/uploads/ads/kinder-surprise-10620242dkypv.jpg
6|NadekoSnake|Sleepy Stuffed Bear|Honestly, this is the cutest stuffed bear for midnight excursions to the kitchen. You should enjoy it.|19.95|/img/uploads/ads/evb01s1127.jpg
7|DLynch|Georgia Coffee|Well sonny, while I do enjoy a fresh brewed cup of joe, Georgia coffee hit's the spot in a pinch.|1.99|/img/uploads/ads/35846.jpg
8|hELLaJ33f|Sock Ruse|it's a distaction to hav the car|88878|/img/uploads/ads/4f070cfebc9fd.gif
9|Yeasayer|Wooden Xylophone|The tonality of the keys are clear and sharp as you hit them. Great for impromtu jam sessions with kids.|75.99|/img/uploads/ads/DV020_Jpg_Jumbo_H03018.jpg
10|Yeasayer|Crystal Blue Game Gear|An often overlooked portable console from the heydays of the Console Wars. Be sure to get rechargable AA batteries.|59.95|/img/uploads/ads/sega-game-gear-bleue.jpg
11|Yeasayer|Test Entry|There was an entry here. It's gone now.|0.00|/img/uploads/ads/silent_hill_2-there_was_a_hole_here.jpg 